subscription,customers,revenue,profit,avg_margin
Basic,992,800096.89,624248.3565,63.61518325341387
Enterprise,446,3745630.44,3091700.374,77.19580892962992
Premium,173,4122449.52,3451134.592,86.63351271299817
Professional,889,2223370.88,1795333.7480000001,69.43275033468397
