subscription_type,customer_id,total_revenue,gross_profit,profit_margin,revenue_contribution_pct,profit_contribution_pct
Premium,173,3905057.8,2781407.0638,66.5577599137133,37.6286814527119,39.60895719843109
Enterprise,446,3575481.6,2410377.4802666665,59.65695100254705,34.452923633148956,34.32526640581281
Professional,889,2133183.26,1363328.79346,53.519319541706054,20.555105066766874,19.41464538950663
Basic,992,764153.07,467053.51697,44.553606124552374,7.36328984737226,6.651131006249457
