metric,value
total_revenue,10377875.73
total_cost,3355708.8755033338
gross_profit,7022166.854496667
overall_margin,67.66478070456397
total_customers,2500.0
profitable_customers,2389.0
loss_customers,111.0
avg_profit_per_customer,2808.8667417986667
avg_monthly_profit,219.166195148131
avg_roi,141.70156237038478
