tier,customer_count,total_revenue,total_profit,avg_margin
Unprofitable,39,1809.22,-634.163,-152.19250864026773
Low,59,5140.74,634.629,12.227695435743515
Medium,165,29100.21,11840.6785,39.37620924196375
High,2237,10855497.56,8950575.926,77.32047590443531
