segment,customer_count,total_revenue,avg_revenue,avg_transactions,avg_tenure_days,avg_profit_margin,avg_monthly_profit,segment_name
0,2313,5782973.19,2500.20457846952,12.244703847816687,402.2347600518807,68.66614814419621,146.97911932610208,Loyal Customers
1,187,5108574.54,27318.580427807487,17.513368983957218,546.4117647058823,82.48184309817329,1340.229220088938,Champions
