cluster,customer_count,avg_recency,avg_frequency,total_revenue,avg_revenue,avg_rfm_score,behavioral_segment
1,761,25.13929040735874,25.568988173455978,7831221.29,10290.69814717477,12.340341655716163,VIP Elite
0,1590,30.70314465408805,5.627672955974843,2133862.78,1342.0520628930817,7.659748427672956,Engaged Regulars
2,130,768.5461538461539,9.153846153846153,412791.66,3175.320461538461,7.1692307692307695,Growth Potential
