Metric,Prophet,ARIMA
MAE,333846.7199202522,324708.5028038614
RMSE,367283.53586073447,417720.12699455285
MAPE (%),805.2897933878336,1003.9598875099836
