month,month_name,seasonal_index
1,Jan,0.9245019156921519
2,Feb,0.8778414849531343
3,Mar,1.0506511853550384
4,Apr,1.0007393097124144
5,May,1.037976915035349
6,Jun,0.9254366394552364
7,Jul,0.9498833149219178
8,Aug,1.0119307581958366
9,Sep,0.9825562392486186
10,Oct,0.9969607159849885
11,Nov,1.104651983523304
12,Dec,1.13686953792201
