risk_level,customer_count,revenue_at_risk,avg_probability
Low,2268,9889404.290000001,0.003157181661558575
Medium,2,9000.550000000001,0.38909690002872505
High,230,993142.89,0.9901332562410884
